?cls	?def	?xrefs
<http://purl.obolibrary.org/obo/NCBITaxon_7227>		
<http://purl.obolibrary.org/obo/COB_0000035>		
<http://purl.obolibrary.org/obo/CARO_0000000>		
<http://purl.obolibrary.org/obo/OBI_0100051>	"A material entity that is collected for potential use as an input upon which measurements or observations are performed."@en	
<http://purl.obolibrary.org/obo/FBbt_10000000>	"Anatomical entity which is part_of Drosophila melanogaster."	"UBERON:0001062"
<http://purl.obolibrary.org/obo/BFO_0000002>		
<http://purl.obolibrary.org/obo/OBI_0002076>	"A material entity that has two or more specimens as its parts."@en	
<http://purl.obolibrary.org/obo/SO_0000110>		
<http://purl.obolibrary.org/obo/BFO_0000004>		
<http://purl.obolibrary.org/obo/BFO_0000020>		
<http://purl.obolibrary.org/obo/fbbt/vfb/VFBext_0000006>		
<http://purl.obolibrary.org/obo/fbbt/vfb/VFBext_0000014>		
<http://purl.obolibrary.org/obo/fbbt/vfb/VFBext_0000100>	"All cells within a single organism in which expression of some genetic entity occurs."	
<http://purl.obolibrary.org/obo/BFO_0000040>		
<http://purl.obolibrary.org/obo/OBI_0000112>	"A role borne by a material entity that is obtained during a specimen collection process and that can be realized by performing measurements or observations on the specimen."@en	
<http://purl.obolibrary.org/obo/fbbt/vfb/VFB_10000005>		
<http://purl.obolibrary.org/obo/fbbt/vfb/VFBext_0000010>	"An expression pattern that depends upon the combined synthesis of multiple components, which drive expression only when combined within the same cell (e.g. split-GAL4)."	
<http://purl.obolibrary.org/obo/FBbt_00100313>	"Anatomical structure that has multiple cells as parts."	"UBERON:0010000"
<http://purl.obolibrary.org/obo/IAO_0000005>		
<http://purl.obolibrary.org/obo/COB_0000022>		
<http://purl.obolibrary.org/obo/BFO_0000017>		
<http://purl.obolibrary.org/obo/OBI_0001479>	"A specimen that derives from an anatomical part or substance arising from an organism. Examples of tissue specimen include tissue, organ, physiological system, blood, or body location (arm)."@en	
<http://purl.obolibrary.org/obo/FBbt_00007001>	"Material anatomical entity that has inherent 3D shape, whose parts are all connected and that is generated by coordinated expression of the organism's own genome."	"UBERON:0000061 CARO:0000003"
<http://purl.obolibrary.org/obo/UBERON_0000477>		
<http://purl.obolibrary.org/obo/UBERON_0000465>		
<http://purl.obolibrary.org/obo/BFO_0000001>		
<http://purl.obolibrary.org/obo/BFO_0000023>		
<http://purl.obolibrary.org/obo/fbbt/vfb/VFBext_0000007>		
<http://purl.obolibrary.org/obo/BFO_0000003>		
<http://purl.obolibrary.org/obo/BFO_0000031>		
<http://xmlns.com/foaf/0.1/image>		
<http://purl.obolibrary.org/obo/OBI_0000659>	"A planned process with the objective to obtain a material entity for potential use as an input upon which measurements or observations are performed."@en	
<http://purl.obolibrary.org/obo/FBbt_00007016>		"UBERON:0000465 CARO:0000006"
<http://purl.obolibrary.org/obo/fbbt/vfb/VFBext_0000004>	"An expression pattern that is some subset of another expression pattern due to additional genetic constraints (e.g. FLP recombination)."	
<http://purl.obolibrary.org/obo/OBI_0000684>	"A objective specification that is fulfilled by obtaining a material entity for potential use as an input upon which measurements or observations are performed."@en	
