?x	?p	?y
<http://purl.obolibrary.org/obo/OBI_0000659>	<http://purl.obolibrary.org/obo/OBI_0000299>	<http://purl.obolibrary.org/obo/OBI_0100051>
<http://purl.obolibrary.org/obo/FBbt_10000000>	<http://purl.obolibrary.org/obo/BFO_0000050>	<http://purl.obolibrary.org/obo/NCBITaxon_7227>
<http://purl.obolibrary.org/obo/OBI_0000659>	<http://purl.obolibrary.org/obo/OBI_0000293>	<http://purl.obolibrary.org/obo/BFO_0000040>
<http://purl.obolibrary.org/obo/OBI_0000112>	<http://purl.obolibrary.org/obo/RO_0000052>	_:B7b923902X2D5335X2D4708X2D9ce1X2D5fe9ee03a362genid40
<http://purl.obolibrary.org/obo/fbbt/vfb/VFBext_0000100>	<http://www.w3.org/2000/01/rdf-schema#subClassOf>	<http://purl.obolibrary.org/obo/FBbt_00007016>
<http://purl.obolibrary.org/obo/fbbt/vfb/VFBext_0000014>	<http://www.w3.org/2000/01/rdf-schema#subClassOf>	<http://xmlns.com/foaf/0.1/image>
<http://purl.obolibrary.org/obo/fbbt/vfb/VFBext_0000010>	<http://www.w3.org/2000/01/rdf-schema#subClassOf>	<http://purl.obolibrary.org/obo/fbbt/vfb/VFBext_0000100>
<http://purl.obolibrary.org/obo/fbbt/vfb/VFBext_0000007>	<http://www.w3.org/2000/01/rdf-schema#subClassOf>	<http://purl.obolibrary.org/obo/fbbt/vfb/VFBext_0000014>
<http://purl.obolibrary.org/obo/fbbt/vfb/VFBext_0000006>	<http://www.w3.org/2000/01/rdf-schema#subClassOf>	<http://xmlns.com/foaf/0.1/image>
<http://purl.obolibrary.org/obo/fbbt/vfb/VFBext_0000004>	<http://www.w3.org/2000/01/rdf-schema#subClassOf>	<http://purl.obolibrary.org/obo/fbbt/vfb/VFBext_0000100>
<http://purl.obolibrary.org/obo/fbbt/vfb/VFB_10000005>	<http://www.w3.org/2000/01/rdf-schema#subClassOf>	<http://purl.obolibrary.org/obo/BFO_0000004>
<http://purl.obolibrary.org/obo/BFO_0000031>	<http://www.w3.org/2000/01/rdf-schema#subClassOf>	<http://purl.obolibrary.org/obo/BFO_0000002>
<http://purl.obolibrary.org/obo/OBI_0000684>	<http://www.w3.org/2000/01/rdf-schema#subClassOf>	<http://purl.obolibrary.org/obo/IAO_0000005>
<http://purl.obolibrary.org/obo/BFO_0000040>	<http://www.w3.org/2000/01/rdf-schema#subClassOf>	<http://purl.obolibrary.org/obo/BFO_0000004>
<http://purl.obolibrary.org/obo/BFO_0000023>	<http://www.w3.org/2000/01/rdf-schema#subClassOf>	<http://purl.obolibrary.org/obo/BFO_0000017>
<http://purl.obolibrary.org/obo/FBbt_00007001>	<http://www.w3.org/2000/01/rdf-schema#subClassOf>	<http://purl.obolibrary.org/obo/FBbt_00007016>
<http://purl.obolibrary.org/obo/OBI_0001479>	<http://www.w3.org/2000/01/rdf-schema#subClassOf>	<http://purl.obolibrary.org/obo/OBI_0100051>
<http://purl.obolibrary.org/obo/BFO_0000004>	<http://www.w3.org/2000/01/rdf-schema#subClassOf>	<http://purl.obolibrary.org/obo/BFO_0000002>
<http://purl.obolibrary.org/obo/BFO_0000003>	<http://www.w3.org/2000/01/rdf-schema#subClassOf>	<http://purl.obolibrary.org/obo/BFO_0000001>
<http://purl.obolibrary.org/obo/FBbt_00007016>	<http://www.w3.org/2000/01/rdf-schema#subClassOf>	<http://purl.obolibrary.org/obo/FBbt_10000000>
<http://purl.obolibrary.org/obo/OBI_0000112>	<http://www.w3.org/2000/01/rdf-schema#subClassOf>	<http://purl.obolibrary.org/obo/BFO_0000023>
<http://purl.obolibrary.org/obo/FBbt_10000000>	<http://www.w3.org/2000/01/rdf-schema#subClassOf>	<http://purl.obolibrary.org/obo/CARO_0000000>
<http://purl.obolibrary.org/obo/BFO_0000002>	<http://www.w3.org/2000/01/rdf-schema#subClassOf>	<http://purl.obolibrary.org/obo/BFO_0000001>
<http://purl.obolibrary.org/obo/BFO_0000020>	<http://www.w3.org/2000/01/rdf-schema#subClassOf>	<http://purl.obolibrary.org/obo/BFO_0000002>
<http://purl.obolibrary.org/obo/FBbt_00100313>	<http://www.w3.org/2000/01/rdf-schema#subClassOf>	<http://purl.obolibrary.org/obo/FBbt_00007001>
<http://purl.obolibrary.org/obo/OBI_0002076>	<http://www.w3.org/2000/01/rdf-schema#subClassOf>	<http://purl.obolibrary.org/obo/BFO_0000040>
<http://purl.obolibrary.org/obo/OBI_0000659>	<http://www.w3.org/2000/01/rdf-schema#subClassOf>	<http://purl.obolibrary.org/obo/COB_0000035>
<http://purl.obolibrary.org/obo/OBI_0100051>	<http://www.w3.org/2000/01/rdf-schema#subClassOf>	<http://purl.obolibrary.org/obo/BFO_0000040>
<http://purl.obolibrary.org/obo/BFO_0000017>	<http://www.w3.org/2000/01/rdf-schema#subClassOf>	<http://purl.obolibrary.org/obo/BFO_0000020>
