?cls	?pred	?val	?synType
<http://purl.obolibrary.org/obo/fbbt/vfb/VFBext_0000100>	<http://www.w3.org/2000/01/rdf-schema#label>	"expression pattern"@en	
<http://purl.obolibrary.org/obo/fbbt/vfb/VFBext_0000014>	<http://www.w3.org/2000/01/rdf-schema#label>	"channel"	
<http://purl.obolibrary.org/obo/fbbt/vfb/VFBext_0000010>	<http://www.w3.org/2000/01/rdf-schema#label>	"intersectional expression pattern"@en	
<http://purl.obolibrary.org/obo/fbbt/vfb/VFBext_0000007>	<http://www.w3.org/2000/01/rdf-schema#label>	"template image"@en	
<http://purl.obolibrary.org/obo/fbbt/vfb/VFBext_0000006>	<http://www.w3.org/2000/01/rdf-schema#label>	"multi channel image"	
<http://purl.obolibrary.org/obo/fbbt/vfb/VFBext_0000004>	<http://www.w3.org/2000/01/rdf-schema#label>	"expression pattern fragment"@en	
<http://purl.obolibrary.org/obo/fbbt/vfb/VFB_10000005>	<http://www.w3.org/2000/01/rdf-schema#label>	"cell cluster"	
<http://purl.obolibrary.org/obo/BFO_0000002>	<http://www.w3.org/2000/01/rdf-schema#label>	"continuant"@en	
<http://purl.obolibrary.org/obo/BFO_0000003>	<http://www.w3.org/2000/01/rdf-schema#label>	"occurrent"@en	
<http://purl.obolibrary.org/obo/FBbt_10000000>	<http://www.w3.org/2000/01/rdf-schema#label>	"anatomical entity"	
<http://purl.obolibrary.org/obo/OBI_0000112>	<http://www.w3.org/2000/01/rdf-schema#label>	"specimen role"@en	
<http://purl.obolibrary.org/obo/FBbt_00007016>	<http://www.w3.org/2000/01/rdf-schema#label>	"material anatomical entity"	
<http://purl.obolibrary.org/obo/BFO_0000001>	<http://www.w3.org/2000/01/rdf-schema#label>	"entity"@en	
<http://purl.obolibrary.org/obo/OBI_0002076>	<http://www.w3.org/2000/01/rdf-schema#label>	"collection of specimens"@en	
<http://purl.obolibrary.org/obo/BFO_0000031>	<http://www.w3.org/2000/01/rdf-schema#label>	"generically dependent continuant"@en	
<http://purl.obolibrary.org/obo/OBI_0000659>	<http://www.w3.org/2000/01/rdf-schema#label>	"specimen collection process"	
<http://purl.obolibrary.org/obo/BFO_0000040>	<http://www.w3.org/2000/01/rdf-schema#label>	"material entity"@en	
<http://purl.obolibrary.org/obo/BFO_0000023>	<http://www.w3.org/2000/01/rdf-schema#label>	"role"@en	
<http://purl.obolibrary.org/obo/BFO_0000017>	<http://www.w3.org/2000/01/rdf-schema#label>	"realizable entity"@en	
<http://purl.obolibrary.org/obo/OBI_0001479>	<http://www.w3.org/2000/01/rdf-schema#label>	"specimen from organism"	
<http://purl.obolibrary.org/obo/OBI_0000684>	<http://www.w3.org/2000/01/rdf-schema#label>	"specimen collection objective"	
<http://purl.obolibrary.org/obo/FBbt_00007001>	<http://www.w3.org/2000/01/rdf-schema#label>	"anatomical structure"	
<http://purl.obolibrary.org/obo/BFO_0000020>	<http://www.w3.org/2000/01/rdf-schema#label>	"specifically dependent continuant"@en	
<http://purl.obolibrary.org/obo/BFO_0000004>	<http://www.w3.org/2000/01/rdf-schema#label>	"independent continuant"@en	
<http://purl.obolibrary.org/obo/OBI_0100051>	<http://www.w3.org/2000/01/rdf-schema#label>	"specimen"@en	
<http://purl.obolibrary.org/obo/FBbt_00100313>	<http://www.w3.org/2000/01/rdf-schema#label>	"multicellular structure"	
